roadsegid,party_time_rate,work_time_rate,pw_ratio
232,2268,2303,-0.00765696784073507
235,2261,2261,0
236,1170.42857142857,1170.42857142857,0
237,3680.57142857143,3433.71428571429,0.0346987951807229
239,3996,3377.85714285714,0.0838289710754209
240,6192.57142857143,6236.85714285714,-0.00356297266855163
241,2226.85714285714,2226.85714285714,0
242,934.142857142857,1011,-0.0395123384253819
243,204.714285714286,299.428571428571,-0.187871918390479
244,281.428571428571,281.428571428571,0
248,2.42857142857143,38,-0.879858657243816
249,1126.42857142857,1126.42857142857,0
252,486.428571428571,489.571428571429,-0.00322014051522245
260,20,20.1428571428571,-0.00355871886120995
265,174,174,0
266,33.8571428571429,75,-0.377952755905512
268,596.571428571429,596.571428571429,0
272,919.142857142857,978.857142857143,-0.0314616889959356
333,660.857142857143,585,0.0608875128998968
525,902.285714285714,902.285714285714,0
526,2261.28571428571,2261.28571428571,0
527,6240.57142857143,5325.28571428571,0.0791368683687207
528,2267.42857142857,1845.57142857143,0.102566774339203
529,2889.57142857143,3002.42857142857,-0.0191543012316943
536,1733.85714285714,1733.85714285714,0
539,274.285714285714,274.285714285714,0
543,167.142857142857,184.857142857143,-0.0503246753246753
552,28.5714285714286,28.5714285714286,0
553,2882.85714285714,2882.85714285714,0
598,37.8571428571429,48.8571428571429,-0.126853377265239
721,690.857142857143,730.428571428571,-0.0278419941702684
834,492.571428571429,492.571428571429,0
836,551.857142857143,587.428571428571,-0.0312225705329153
837,9020,9020,0
838,4089.14285714286,4089.14285714286,0
840,1548.71428571429,1730.85714285714,-0.0555386156727795
841,3518.85714285714,3518.85714285714,0
842,2898.28571428571,3049.42857142857,-0.0254119229475909
843,69,79,-0.0675675675675676
844,46.7142857142857,47.7142857142857,-0.010590015128593
848,210.571428571429,280.428571428571,-0.142275240034914
849,519.714285714286,587.857142857143,-0.0615245711337548
850,3900,4911.14285714286,-0.114757287849801
854,97,126.571428571429,-0.132268370607029
861,86.7142857142857,86.7142857142857,0
866,198.428571428571,198.428571428571,0
1173,712.285714285714,586,0.0972711267605634
1176,3716.28571428571,3716.28571428571,0
1177,944.428571428571,944.428571428571,0
1178,946.142857142857,1077.71428571429,-0.0650102350532929
1179,2681.28571428571,2681.28571428571,0
1192,166.714285714286,166.714285714286,0
1193,28.2857142857143,29.1428571428571,-0.0149253731343284
1195,512.428571428571,521.142857142857,-0.00843123704215614
1196,331.714285714286,331.714285714286,0
1200,57.8571428571429,58.8571428571429,-0.00856793145654835
1201,593,636,-0.0349877949552482
1204,1210.57142857143,1210.57142857143,0
1207,687.714285714286,687.714285714286,0
1453,9108.85714285714,8991.28571428571,0.00649560776947306
1456,2076.71428571429,2094.14285714286,-0.00417865461022061
1458,6126.28571428571,6126.28571428571,0
1459,7219.42857142857,7256.71428571429,-0.00257566636732354
1460,299.285714285714,263.857142857143,0.062912227295789
1465,150.714285714286,150.714285714286,0
1474,414.571428571429,414.571428571429,0
1475,475.571428571429,606.714285714286,-0.12117212249208
1478,211,238.285714285714,-0.060731319554849
1481,318.285714285714,318.285714285714,0
1486,533.714285714286,533.714285714286,0
1487,532.571428571429,443.714285714286,0.0910155106818847
1489,167.428571428571,182.714285714286,-0.043655650754794
1639,7741.14285714286,7679.71428571429,0.00398347321809054
1640,393.142857142857,487.285714285714,-0.10692844393964
1642,4390.28571428571,4087.71428571429,0.0356890102113032
1643,1367.57142857143,1257.71428571429,0.0418457854927355
1644,781.285714285714,797.142857142857,-0.0100461580233505
1646,1435,1657.85714285714,-0.0720554272517321
1647,2287.85714285714,1897,0.0933979654536765
1649,1705,1624.42857142857,0.0241997768814898
1650,15668.5714285714,15668.5714285714,0
1651,3727.71428571429,3727.71428571429,0
1652,4865.71428571429,4865.71428571429,0
1653,6340.42857142857,6340.42857142857,0
1654,900.428571428571,960.142857142857,-0.0320945945945946
1655,639.428571428571,639.428571428571,0
1656,444.285714285714,501.285714285714,-0.0602810092158936
1657,35.1428571428571,35.1428571428571,0
1658,2888,4220,-0.187394485087226
1659,3689.42857142857,3695,-0.0007544833723472
1664,161.857142857143,224.571428571429,-0.162292051756007
1667,14.2857142857143,16.2857142857143,-0.0654205607476635
1669,68.8571428571429,75.2857142857143,-0.0445986124876115
1672,8,6,0.142857142857143
1675,105.714285714286,113.857142857143,-0.037085230969421
1678,100,158.857142857143,-0.227373068432671
1686,979.142857142857,963.428571428571,0.00808942491542872
1815,3116.42857142857,3116.42857142857,0
1816,6039,4831.14285714286,0.111116952070547
1817,3741.85714285714,2589.42857142857,0.182021254992215
1819,2581,2696.14285714286,-0.0218191662154846
1820,3347.71428571429,3347.71428571429,0
1821,2618.28571428571,2601.42857142857,0.00322951447807758
1822,4896.28571428571,4881.28571428571,0.00153412328506933
1823,10207.8571428571,8574.14285714286,0.0869829776229521
1824,3221.42857142857,3193.57142857143,0.00434250083509635
1825,1257.28571428571,1278.85714285714,-0.00850560468653189
1826,9041.42857142857,9041.42857142857,0
1827,2035.14285714286,2035.14285714286,0
1828,3117.14285714286,3117.14285714286,0
1829,2379.85714285714,2806.57142857143,-0.0822751687095442
1830,3063.42857142857,3064.57142857143,-0.000186497575531476
2014,6043.14285714286,6043.14285714286,0
2022,3179.42857142857,3179.42857142857,0
2023,3864.57142857143,3864.57142857143,0
2024,3645.42857142857,3530.85714285714,0.015965282478003
2026,2663.57142857143,2663.57142857143,0
2027,4525,4525,0
2028,2620.71428571429,2741.57142857143,-0.0225383631713555
2029,1132.14285714286,1449.14285714286,-0.12280701754386
2030,828.571428571429,828.571428571429,0
2031,747.571428571429,942.714285714286,-0.115449628127113
2032,3323.42857142857,3112.28571428571,0.0328079911209767
2033,5196.28571428571,5488,-0.027303115389758
2249,106.857142857143,738.714285714286,-0.747254603818212
2251,144.714285714286,186.142857142857,-0.125215889464594
2254,245.857142857143,423,-0.264844083724904
2267,1311.42857142857,1281.14285714286,0.0116817280141062
2270,6564.28571428571,6564.28571428571,0
2273,4095.42857142857,4095.42857142857,0
2274,2128,2128,0
2275,2085.57142857143,1977,0.0267248048385962
2277,333.142857142857,333.142857142857,0
2278,3340.57142857143,6388.85714285714,-0.31330572930432
2279,3790.14285714286,3790.14285714286,0
2280,2372.42857142857,2526.14285714286,-0.03137941090697
2281,125.142857142857,155.714285714286,-0.108850457782299
2282,2453.85714285714,2071.28571428571,0.0845435029675464
2283,3870,4091.85714285714,-0.0278649991925789
2285,122.714285714286,212,-0.266752027315408
2480,313.142857142857,224.857142857143,0.164099840679766
2481,6909.57142857143,6909.57142857143,0
2484,1321,1321,0
2485,1208.85714285714,1265.14285714286,-0.0227508950225199
2486,2334,2334,0
2487,1838.14285714286,1807.28571428571,0.00846461321420175
2488,973,973,0
2489,1268.85714285714,1458.42857142857,-0.0695091928133675
2490,3650.14285714286,3700.57142857143,-0.00686036342435133
2491,1502.85714285714,1508.42857142857,-0.00185018264623555
2494,2374,2244.71428571429,0.0279917107420123
2608,4.71428571428571,4.71428571428571,0
2609,1535.42857142857,1557.14285714286,-0.00702143385070216
2610,2293.28571428571,2293.28571428571,0
2611,21,28,-0.142857142857143
2612,138.571428571429,138.857142857143,-0.00102986611740471
2614,5128.14285714286,5128.14285714286,0
2616,286.142857142857,343.142857142857,-0.0905788876276958
2618,3709.57142857143,3709.57142857143,0
2619,4164.14285714286,4164.14285714286,0
2620,643.142857142857,643.142857142857,0
2704,4298.28571428571,4214.14285714286,0.00988470639569041
2706,472.428571428571,426.285714285714,0.0513431886822445
2708,54.1428571428571,43.1428571428571,0.113069016152717
2709,861.857142857143,909.571428571429,-0.0269354838709677
2710,1431.28571428571,1435.71428571429,-0.00154467088544526
2711,7797.85714285714,7797.85714285714,0
2713,1412,1644.42857142857,-0.0760458050946482
2714,273,320.571428571429,-0.0801444043321299
2808,1453.28571428571,1453.28571428571,0
2809,6290,5914.57142857143,0.0307613072385055
2815,3911,3911,0
2816,2170.14285714286,2384.28571428571,-0.047018600420313
2817,6931.28571428571,6901.85714285714,0.00212739590218111
2818,4280.71428571429,4062.28571428571,0.0261810585435181
2819,3251.85714285714,3389.57142857143,-0.0207356420735642
2820,324.571428571429,384.142857142857,-0.0840556339447693
2853,3994,3653.57142857143,0.0445145984719706
2854,7138.14285714286,6854.57142857143,0.0202656484497034
2855,4112.42857142857,3782,0.0418559200883082
2856,852.714285714286,868.142857142857,-0.0089656317449776
2857,6734.71428571429,3818,0.276394698723416
2858,4251.28571428571,4885.14285714286,-0.0693769056367758
2859,2227.85714285714,2376.28571428571,-0.0322380464798784
2860,3775.71428571429,4778.42857142857,-0.117219726448337
2861,1624.71428571429,1845.57142857143,-0.0636423513914046
2862,5738.14285714286,5738.14285714286,0
2863,242.571428571429,242.571428571429,0
2864,573.857142857143,801,-0.165211970074813
2977,1941.14285714286,1808.57142857143,0.035355074672356
2978,2323.71428571429,2054.85714285714,0.0614029363784666
2980,1082.71428571429,1095.14285714286,-0.00570678911118395
2983,1331.71428571429,1559.14285714286,-0.0786716742439217
2984,143.714285714286,46.2857142857143,0.512781954887218
2985,1412.85714285714,1384,0.0103177035447952
2986,912.571428571429,2331,-0.437304558467298
2987,575.428571428571,865.571428571429,-0.20134827005056
2988,39,47.2857142857143,-0.0960264900662252
2989,506,415.857142857143,0.0977839764450643
2990,700,700,0
2991,3160.57142857143,3362.28571428571,-0.0309242225142357
3045,2189,2325,-0.0301284891448826
3046,9396.71428571429,8841.57142857143,0.0304383244039227
3047,7852.28571428571,7852.28571428571,0
3048,5786.28571428571,5864,-0.0066705905434569
3050,1627.85714285714,1929.42857142857,-0.0847757118188024
3051,1987.85714285714,1987.85714285714,0
3052,1396.71428571429,1683.14285714286,-0.0930006029964284
3053,599.571428571429,657.285714285714,-0.0459195271652649
3054,308.714285714286,436.428571428571,-0.171395705521472
3143,1265.85714285714,1265.85714285714,0
3147,1926.28571428571,1926.28571428571,0
3148,819.428571428571,819.428571428571,0
3149,26.4285714285714,152.142857142857,-0.704
3150,567.571428571429,567.571428571429,0
3151,302.142857142857,374.857142857143,-0.107406625870437
3152,651.714285714286,695.142857142857,-0.0322443784471786
3158,12.8571428571429,41.7142857142857,-0.528795811518325
3159,401.571428571429,401.571428571429,0
3160,222.142857142857,224.285714285714,-0.00479999999999999
3297,8,8,0
3331,112.428571428571,141.428571428571,-0.114237478897017
3474,382,504.428571428571,-0.138114423851732
3647,54.8571428571429,77.4285714285714,-0.170626349892009
3662,408.142857142857,410.857142857143,-0.00331414617128897
3664,414.285714285714,381.428571428571,0.0412926391382405
3709,12.1428571428571,21,-0.267241379310345
3727,151.857142857143,168.714285714286,-0.0525846702317291
3734,641.714285714286,617.857142857143,0.0189406827719178
3768,185,215.714285714286,-0.0766488413547237
3807,158.285714285714,258.428571428571,-0.240315392526568
3826,1534.28571428571,1534.28571428571,0
3886,910,987,-0.040590405904059
3906,80.5714285714286,351.714285714286,-0.627230667547918
4007,118.571428571429,159.714285714286,-0.147843942505134
4099,681.428571428571,1002.57142857143,-0.190702409229725
4102,220.428571428571,291,-0.137988826815642
4108,239.428571428571,262,-0.045014245014245
4115,92.7142857142857,102.571428571429,-0.0504754937820044
4137,265.428571428571,354.571428571429,-0.143778801843318
4141,726.142857142857,661.142857142857,0.0468540829986613
4288,83.5714285714286,91.2857142857143,-0.0441176470588236
4390,21.5714285714286,24.8571428571429,-0.0707692307692308
4399,210.142857142857,287.285714285714,-0.155083285468122
4403,138.285714285714,220.142857142857,-0.228377839776804
4405,1267,1204.57142857143,0.0252586555690422
4497,40.4285714285714,41.1428571428571,-0.00875656742556919
4511,14.1428571428571,16.8571428571429,-0.087557603686636
4513,9.57142857142857,10,-0.0218978102189781
4515,14.8571428571429,52.1428571428571,-0.556503198294243
4521,60.8571428571429,170.285714285714,-0.473423980222497
4527,624.142857142857,796.571428571429,-0.121367521367521
4579,54,52.8571428571429,0.0106951871657754
4628,1135.14285714286,3327,-0.491211781655195
4629,8.85714285714286,10.5714285714286,-0.088235294117647
4630,628.142857142857,1166.71428571429,-0.300063673989175
4638,4.28571428571429,76,-0.893238434163701
4641,73.7142857142857,116.142857142857,-0.223476297968397
4648,243.142857142857,398.857142857143,-0.242545616377392
4691,134.428571428571,278.428571428571,-0.34878892733564
4692,185.714285714286,424.428571428571,-0.391243268555374
4693,84.2857142857143,134.857142857143,-0.230769230769231
4755,462.857142857143,534.142857142857,-0.0715002149305058
4760,102.571428571429,58.1428571428571,0.276444444444444
4761,3.85714285714286,9.42857142857143,-0.419354838709677
5189,139.428571428571,139.428571428571,0
5240,123.142857142857,142.285714285714,-0.0721205597416577
5274,142.285714285714,146.571428571429,-0.0148367952522256
5349,76,84.4285714285714,-0.0525378450578807
5356,52,52,0
5358,789.285714285714,789.285714285714,0
5360,275.714285714286,328.142857142857,-0.0868228057724154
5387,229.142857142857,240.857142857143,-0.0249240121580547
5395,181.428571428571,391.142857142857,-0.36626746506986
5404,1232.57142857143,1232.57142857143,0
5407,95.7142857142857,207.285714285714,-0.368222536539368
5440,973.142857142857,1060.71428571429,-0.0430568237690525
5542,93,130.714285714286,-0.168582375478927
5551,295.285714285714,359.285714285714,-0.097773897861196
5562,14.7142857142857,17.1428571428571,-0.0762331838565023
5608,52.5714285714286,126.571428571429,-0.413078149920255
5611,115.285714285714,135.285714285714,-0.0798175598631699
5616,170,210.428571428571,-0.106271122793842
5631,8.28571428571429,11.2857142857143,-0.153284671532847
5636,231.142857142857,443.142857142857,-0.314406779661017
5701,34.8571428571429,113.285714285714,-0.529411764705882
5799,145.428571428571,343.428571428571,-0.405026300409118
5829,100.428571428571,447,-0.633089770354906
5845,373.857142857143,461,-0.104380561259411
5897,2044.42857142857,1967.42857142857,0.0191931061496279
5898,296.857142857143,313.571428571429,-0.0273812309852563
5899,2685.28571428571,2179.71428571429,0.10392012920276
5900,9.57142857142857,5.57142857142857,0.264150943396226
5901,1568.57142857143,1295,0.0955350461461712
5902,407.285714285714,343.285714285714,0.0852683669585078
5905,1593.14285714286,1319.85714285714,0.093815899171203
5906,2503.57142857143,2127.14285714286,0.0812895264538022
5909,231.571428571429,324.285714285714,-0.166795168337188
5910,460.142857142857,460.142857142857,0
5911,1122.14285714286,1122.14285714286,0
5912,1063.14285714286,1067.42857142857,-0.00201153278798441
5914,2169,2169,0
5915,293.428571428571,300.285714285714,-0.0115495668912415
5982,111.714285714286,144.714285714286,-0.128690807799443
6011,2.28571428571429,6.57142857142857,-0.483870967741935
6040,66.8571428571429,115.571428571429,-0.267032106499608
6041,296.571428571429,368.428571428571,-0.108055853920516
6082,64.2857142857143,78,-0.0963855421686747
6093,31.7142857142857,91.1428571428571,-0.483720930232558
6128,69.8571428571429,127.571428571429,-0.29232995658466
6146,353.285714285714,416,-0.0815227483751161
6237,627.714285714286,627.714285714286,0
6238,656.857142857143,1162.42857142857,-0.277895563407931
6240,615.714285714286,615.714285714286,0
6241,736.142857142857,821.142857142857,-0.0545821484267498
6242,390.857142857143,390.857142857143,0
6305,762.714285714286,762.714285714286,0
6440,1320.28571428571,1538,-0.0761695321871252
6446,43.5714285714286,121.428571428571,-0.471861471861472
6478,189.857142857143,489.428571428571,-0.441009463722397
6596,6,8,-0.142857142857143
6855,1489.42857142857,1489.42857142857,0
6858,1192,1373.28571428571,-0.0706688199587904
6910,9,15.2857142857143,-0.258823529411765
7014,292.285714285714,211.142857142857,0.161180476730988
7258,103.571428571429,104.714285714286,-0.00548696844993139
7411,49.5714285714286,234,-0.650377833753149
7416,17.2857142857143,25.7142857142857,-0.196013289036545
7704,609.571428571429,831,-0.153708845696152
7970,13.7142857142857,42.8571428571429,-0.515151515151515
8012,31.8571428571429,41.1428571428571,-0.12720156555773
8225,55.4285714285714,60,-0.0396039603960396
8630,33.8571428571429,49.2857142857143,-0.185567010309278
8783,92.8571428571429,213,-0.392807099486221
8810,112.285714285714,126.857142857143,-0.060931899641577
8811,87.8571428571429,100.428571428571,-0.0667678300455235
9023,3018.57142857143,3018.57142857143,0
9024,1588.71428571429,1605.57142857143,-0.00527728085867622
9025,129.857142857143,129.857142857143,0
9026,330.714285714286,330.714285714286,0
9028,546.428571428571,537.571428571429,0.00817079599367425
9029,789.285714285714,789.285714285714,0
9143,273,273,0
9148,1276.14285714286,1341.85714285714,-0.0251009494706974
9151,899.857142857143,856.142857142857,0.0248942401561992
9152,3217.28571428571,3217.28571428571,0
9177,147.571428571429,278,-0.306478684122189
9339,8,8,0
9351,745.142857142857,1562.71428571429,-0.354255648406066
9358,278.857142857143,301.571428571429,-0.0391336450898351
9361,140.571428571429,214.857142857143,-0.209003215434084
9619,1593.57142857143,1593.57142857143,0
9719,127.714285714286,218.571428571429,-0.262376237623762
9993,2965.42857142857,3000.28571428571,-0.0058429118773946
9994,3629.28571428571,3629.28571428571,0
9995,2198.28571428571,2207.71428571429,-0.00213993904416059
9996,338.285714285714,440.714285714286,-0.131487254722171
9997,3759,3759,0
9998,1152.85714285714,1152.85714285714,0
9999,6823.42857142857,6823.42857142857,0
10000,3629,3667.42857142857,-0.00526676456191876
10007,1385.85714285714,1630.71428571429,-0.081170676264444
10048,2428.85714285714,2428.85714285714,0
10053,2228,2228,0
10054,616.428571428571,619,-0.0020814061054579
10200,27.1428571428571,182.571428571429,-0.741144414168937
10207,1850.71428571429,1958.14285714286,-0.0282049358637761
10477,41.8571428571429,63.8571428571429,-0.208108108108108
10481,34.4285714285714,55.8571428571429,-0.237341772151899
10786,115.428571428571,135.857142857143,-0.0812961910176237
10809,26.2857142857143,31.7142857142857,-0.0935960591133005
11106,233.571428571429,259,-0.0516241299303944
11319,95.7142857142857,94.1428571428571,0.00827689992475544
11320,1890.71428571429,1890.71428571429,0
11321,774,953,-0.103647944412276
11323,3814,3814,0
11324,855.571428571429,793,0.0379549393414211
11325,162.142857142857,149,0.0422405876951331
11377,2963.85714285714,1603.57142857143,0.297823095208307
11378,1.85714285714286,2,-0.037037037037037
11385,176.714285714286,172.571428571429,0.0118609406952965
11592,41.2857142857143,39.4285714285714,0.0230088495575221
11650,1335.71428571429,2000.42857142857,-0.199246349505417
11756,2346.14285714286,3886,-0.247083094555874
11804,140.428571428571,81.5714285714286,0.265122265122265
11971,70.2857142857143,88.7142857142857,-0.115902964959569
11996,42.8571428571429,229.571428571429,-0.685369690613529
12024,28.4285714285714,230.857142857143,-0.780716253443526
12029,1370.57142857143,3247.42857142857,-0.406422075109819
12031,2979.14285714286,3381.85714285714,-0.0633099018573
12037,544,1451,-0.454636591478697
12050,196,227.571428571429,-0.0745362563237774
12209,168.428571428571,292.142857142857,-0.268610421836228
12849,8.28571428571429,44.2857142857143,-0.684782608695652
12950,21.2857142857143,41.7142857142857,-0.324263038548753
12963,83,81.1428571428571,0.0113141862489121
12964,188.857142857143,188.857142857143,0
12986,27.7142857142857,43.8571428571429,-0.225548902195609
13148,615.714285714286,861.857142857143,-0.166586096877115
13149,13928.5714285714,13928.5714285714,0
13150,3485.85714285714,3485.85714285714,0
13151,3394.57142857143,3394.57142857143,0
13152,1419.71428571429,1494.57142857143,-0.0256862745098039
13153,239.857142857143,239.857142857143,0
13154,4072,4072,0
13155,1554.42857142857,1554.42857142857,0
13156,305.857142857143,305.857142857143,0
13160,86.5714285714286,147.571428571429,-0.26052471018914
13161,4.28571428571429,13.7142857142857,-0.523809523809524
13162,91.4285714285714,104.285714285714,-0.0656934306569343
13163,314.142857142857,314.142857142857,0
13164,80.4285714285714,90.5714285714286,-0.0593149540517961
13165,509.857142857143,749.857142857143,-0.190519392152416
13179,824.285714285714,705.285714285714,0.0777995703745213
13421,3655,3881,-0.0299893842887473
13423,345.714285714286,345.714285714286,0
13427,4072.28571428571,4072.28571428571,0
13428,1638.71428571429,1881.28571428571,-0.0689123376623376
13524,197.571428571429,140.714285714286,0.168074324324324
13598,52.7142857142857,82,-0.217391304347826
13623,1489.71428571429,1518.42857142857,-0.00954551930474421
13761,515.857142857143,360.285714285714,0.177563998043372
14330,837.142857142857,865.142857142857,-0.0164484726418261
14333,1039.14285714286,1129.85714285714,-0.0418230916156228
14339,1497.42857142857,1529,-0.0104319093698372
14342,3113.42857142857,4564.14285714286,-0.188954840630408
14344,2822.85714285714,4314.57142857143,-0.20899883911773
14345,791.428571428571,1229.42857142857,-0.216739714406899
14346,275.142857142857,589.714285714286,-0.363726461843409
14592,596.714285714286,446.857142857143,0.143600273785079
14756,2.28571428571429,2.28571428571429,0
14967,28.4285714285714,28.4285714285714,0
14972,45.5714285714286,185,-0.604708798017348
14981,314.714285714286,717.142857142857,-0.390004153398865
15064,193.571428571429,323.285714285714,-0.250967385295743
15075,136,403,-0.495361781076067
15238,525.857142857143,783.857142857143,-0.196989528795811
15415,446.857142857143,498.285714285714,-0.0544135429262394
15552,8.71428571428571,18.5714285714286,-0.361256544502618
15553,20.1428571428571,22.5714285714286,-0.0568561872909699
15631,10.2857142857143,10.7142857142857,-0.0204081632653061
15741,68.2857142857143,183,-0.456509380329733
15859,62.2857142857143,55.8571428571429,0.0544135429262394
15968,153.428571428571,168.571428571429,-0.0470275066548359
15978,42.5714285714286,83,-0.321956769055745
15990,697.285714285714,673,0.0177231025854879
15993,437.714285714286,501.714285714286,-0.0681265206812652
16077,819.285714285714,618.857142857143,0.13936624615079
16250,1661.14285714286,1865.14285714286,-0.0578512396694215
16267,119.428571428571,196.714285714286,-0.24446452779033
16408,8,26.4285714285714,-0.535269709543568
16767,503.857142857143,530.571428571429,-0.0258251622704047
16768,730.857142857143,991.428571428571,-0.15129396151294
16770,495.428571428571,476.714285714286,0.0192505510653931
16771,688.285714285714,747.428571428571,-0.0411940298507462
16772,847.142857142857,887.285714285714,-0.0231447162507207
16773,624.857142857143,601,0.01946160121198
16774,1394,1349,0.016405395552315
16775,314.428571428571,269.571428571429,0.0768101761252447
16829,1664,1107,0.201010465535908
16830,77.8571428571429,115.857142857143,-0.196165191740413
16833,26,58.4285714285714,-0.38409475465313
16834,1244.57142857143,599.285714285714,0.349965135197955
17031,399.714285714286,680.571428571429,-0.259984131182227
17038,159.142857142857,275.142857142857,-0.267105263157895
17419,80.2857142857143,89.1428571428571,-0.0522765598650927
17425,192,219.285714285714,-0.0663424800277874
17430,726.714285714286,1058.57142857143,-0.185884612306954
17432,270.285714285714,355.857142857143,-0.136664385124344
17466,89.2857142857143,477.285714285714,-0.684820978315683
17608,148.428571428571,405,-0.463603510583376
17804,268.571428571429,398,-0.1941705957994
18021,271.714285714286,370.714285714286,-0.154102735156771
18041,98.1428571428571,98.1428571428571,0
18045,274.571428571429,346,-0.115101289134438
18120,65.7142857142857,66.4285714285714,-0.00540540540540547
18625,840,811.428571428571,0.0173010380622837
18646,45.2857142857143,45.2857142857143,0
18660,465.142857142857,737.571428571429,-0.226511462168904
18675,36.7142857142857,101.142857142857,-0.467357512953368
18679,291.571428571429,872.142857142857,-0.498895163270317
18685,598.285714285714,598.285714285714,0
18689,338.142857142857,571.714285714286,-0.256712199717381
18718,1021.85714285714,1137.28571428571,-0.0534603678708482
18732,1086.42857142857,1105.85714285714,-0.00886224423302495
18742,83.2857142857143,81.4285714285714,0.0112749349522984
18908,96.8571428571429,107,-0.0497547302032235
19066,130.571428571429,103.428571428571,0.115995115995116
19164,346.571428571429,334,0.0184718723761545
19247,20,29.1428571428571,-0.186046511627907
19255,282.714285714286,255.285714285714,0.0509824747742964
19343,1400.42857142857,1400.42857142857,0
19344,1674.28571428571,979.285714285714,0.261911170928668
19345,3820.42857142857,3260.57142857143,0.0790647003046382
19348,7123.71428571429,7123.71428571429,0
19349,5939.71428571429,5939.71428571429,0
19350,2851.71428571429,2851.71428571429,0
19351,213.428571428571,164,0.130961392884179
19352,1647.28571428571,1545.85714285714,0.0317644953471725
19370,5353.42857142857,2586.57142857143,0.348470672903922
19371,1951,1338.42857142857,0.186224268218536
19372,1720.42857142857,1002.28571428571,0.263759903457684
19373,889.714285714286,460.571428571429,0.31781633516716
19374,3145.14285714286,2871.28571428571,0.0455182239107207
19391,132,132,0
19422,596.714285714286,693.857142857143,-0.075271197697587
19424,412.714285714286,412.714285714286,0
19425,396.571428571429,429.714285714286,-0.0401106500691563
19546,32.1428571428571,58,-0.286846275752773
19553,136,147,-0.03886925795053
19693,233,325.285714285714,-0.165301944728762
19699,447.571428571429,476.857142857143,-0.0316798021944058
19802,63.8571428571429,88,-0.15898400752587
19899,36.8571428571429,49.2857142857143,-0.144278606965174
20014,214.142857142857,597.571428571429,-0.472368884195706
20143,27.2857142857143,13.4285714285714,0.340350877192982
20148,419.142857142857,436.571428571429,-0.0203672787979966
20389,47.1428571428571,307.142857142857,-0.733870967741935
20411,113.571428571429,143.285714285714,-0.115684093437152
20918,1,3.42857142857143,-0.548387096774194
20941,38,53,-0.164835164835165
20950,45.5714285714286,89.5714285714286,-0.325581395348837
21125,25.1428571428571,86.4285714285714,-0.549295774647887
21550,58.7142857142857,58.7142857142857,0
21599,148,1192.71428571429,-0.779222163026105
22450,23.1428571428571,23.1428571428571,0
22715,21.1428571428571,23.2857142857143,-0.0482315112540193
23355,83.4285714285714,83.4285714285714,0
23366,187.714285714286,178.285714285714,0.0257611241217799
23367,173.571428571429,149.571428571429,0.0742705570291777
23532,3632.28571428571,3632.85714285714,-7.86534528865638e-05
23533,3072.42857142857,3317,-0.0382775119617225
23582,843.571428571429,744.714285714286,0.0622414103255981
23585,930.285714285714,360.428571428571,0.441505257332595
23601,94.1428571428571,176,-0.303014278159704
23683,193.857142857143,252,-0.130406920858699
23817,282.142857142857,463.285714285714,-0.243004982752012
24013,242,299.714285714286,-0.106540084388186
24162,814.285714285714,846.571428571429,-0.0194391880268364
24452,28,28,0
24612,0.428571428571429,4.42857142857143,-0.823529411764706
24618,161.428571428571,219.857142857143,-0.153240914200075
24620,84,166.428571428571,-0.329150028522533
25013,207.285714285714,124.857142857143,0.248172043010753
25218,0.857142857142857,1.85714285714286,-0.368421052631579
25262,176.857142857143,142.142857142857,0.108822212270488
25270,0.285714285714286,0.714285714285714,-0.428571428571429
25275,74.2857142857143,83.5714285714286,-0.0588235294117646
25424,413,435,-0.0259433962264151
25426,2024.85714285714,2024.85714285714,0
25429,1422.57142857143,1612.71428571429,-0.0626441379959524
25430,1700.71428571429,1700.71428571429,0
25431,1614.71428571429,1614.71428571429,0
25434,1325.71428571429,1362.42857142857,-0.0136578625710793
25435,417.571428571429,425,-0.00881654798236692
25436,237.285714285714,237.285714285714,0
25437,2414.85714285714,2600.71428571429,-0.0370560255205219
25438,502.857142857143,548,-0.0429581294181621
25478,561.571428571429,561.571428571429,0
25479,781.857142857143,666,0.080019733596448
25480,116.714285714286,170.142857142857,-0.186254980079681
25486,114.142857142857,243.142857142857,-0.361055577768892
25502,541.285714285714,1073,-0.329380530973451
25531,21.5714285714286,93.2857142857143,-0.624378109452736
25595,759.285714285714,1093.14285714286,-0.18022672938999
25611,102.428571428571,120.142857142857,-0.079589216944801
25731,214.285714285714,228.428571428571,-0.031945788964182
25872,255.714285714286,325.714285714286,-0.12039312039312
26004,196.857142857143,166.857142857143,0.0824823252160251
26005,7.57142857142857,11.8571428571429,-0.220588235294118
26007,1.14285714285714,2.71428571428571,-0.407407407407407
26008,1018.71428571429,1409.71428571429,-0.161009471145362
26082,116.714285714286,116.714285714286,0
26117,1300.85714285714,1455.14285714286,-0.0559817540949616
26119,217.428571428571,434.571428571429,-0.333041191936897
26128,455.571428571429,455.571428571429,0
26269,350.571428571429,482.857142857143,-0.15872471717518
26438,40.1428571428571,35,0.0684410646387833
27066,313.714285714286,310.142857142857,0.00572475383558504
27667,584.857142857143,782.285714285714,-0.144409613375131
27782,109.285714285714,92.1428571428571,0.0851063829787234
28002,322.142857142857,292.428571428571,0.0483496048349605
28003,688.714285714286,1317.57142857143,-0.313443463400741
28004,1035,1035,0
28007,726.714285714286,726.714285714286,0
28008,196.714285714286,176.142857142857,0.0551724137931035
28009,939.285714285714,1046.42857142857,-0.053956834532374
28014,13.1428571428571,20.4285714285714,-0.217021276595745
28027,2,2.14285714285714,-0.0344827586206896
28059,1381.57142857143,1461.71428571429,-0.0281867055217806
28105,90.8571428571429,90.8571428571429,0
28106,42.8571428571429,37.4285714285714,0.0676156583629893
28381,840.571428571429,840.571428571429,0
28382,287.714285714286,263.428571428571,0.0440642820114049
28385,1132.14285714286,1116.42857142857,0.00698856416772557
28386,2381.14285714286,2381.14285714286,0
28387,994.285714285714,994.285714285714,0
28390,1432.42857142857,1504.71428571429,-0.0246108949416343
28391,1646.28571428571,1646.42857142857,-4.33858301878508e-05
28392,1549.14285714286,1648.85714285714,-0.0311802019119093
28393,1709,1709,0
28395,209.571428571429,209.571428571429,0
28401,547.142857142857,826,-0.20307948397836
28468,708.428571428571,806.428571428571,-0.0646925688419464
28470,1273.28571428571,1351.28571428571,-0.0297191378184193
28533,31.8571428571429,110,-0.550855991943605
28763,196.142857142857,614.428571428571,-0.516038068382094
28781,1895.57142857143,1924.71428571429,-0.00762844962979582
28939,339.142857142857,398,-0.07984496124031
29081,16.5714285714286,16.5714285714286,0
29084,326.285714285714,419.857142857143,-0.125406854298296
29092,74,107.142857142857,-0.182965299684543
29171,24.1428571428571,24.7142857142857,-0.0116959064327486
29174,291.428571428571,360.714285714286,-0.106243154435926
29179,749.857142857143,614.571428571429,0.0991519212647891
29342,323,201.571428571429,0.231481481481481
29529,436.428571428571,436.428571428571,0
29545,1101,1593.71428571429,-0.182844722472565
29580,563.571428571429,476,0.0842380101690257
29585,316.285714285714,361.571428571429,-0.0668071654373024
29764,80.7142857142857,97.8571428571429,-0.0960000000000001
29880,91,91,0
29881,85.8571428571429,87.1428571428571,-0.00743187448389756
29884,509.571428571429,509.571428571429,0
29887,582.571428571429,582.571428571429,0
29901,75.5714285714286,94.7142857142857,-0.11241610738255
29948,930.142857142857,930.142857142857,0
29960,4.57142857142857,29.5714285714286,-0.732217573221757
30127,417.857142857143,497.714285714286,-0.0872210953346856
30156,1256.28571428571,1712.28571428571,-0.153609239653513
30205,24.4285714285714,52.5714285714286,-0.365491651205937
30229,2459.71428571429,2061.14285714286,0.0881628009859066
30230,2750.85714285714,2880.85714285714,-0.023083557404495
30231,706.428571428571,563.571428571429,0.112485939257593
30233,2919.57142857143,2645.28571428571,0.0492889048621451
30234,2929,2567,0.0658660844250364
30235,2818.85714285714,2963.42857142857,-0.0250024705998617
30238,3373.14285714286,3373.14285714286,0
30239,579.857142857143,689.285714285714,-0.0862224223322827
30241,1105,1302,-0.0818446198587453
30242,43.7142857142857,58,-0.140449438202247
30244,59.2857142857143,61.4285714285714,-0.0177514792899409
30245,79.8571428571429,50.1428571428571,0.228571428571429
30247,2115.14285714286,1848.42857142857,0.0672914038565508
30251,27.4285714285714,27.4285714285714,0
30261,19.2857142857143,16.8571428571429,0.067193675889328
30363,69.7142857142857,69.4285714285714,0.00205338809034902
30420,170.714285714286,202.428571428571,-0.0849923430321592
30449,28.7142857142857,37,-0.126086956521739
30580,670.142857142857,670.142857142857,0
30582,3434.71428571429,3142.42857142857,0.0444396177237185
30583,2503.14285714286,2263.42857142857,0.0502907150992028
30584,674.571428571429,743.142857142857,-0.0483675937122128
30587,2915.28571428571,2744.28571428571,0.0302143019410859
30588,5542,4627,0.0899793490018684
30589,1969.14285714286,1955.85714285714,0.00338489535941764
30592,212.857142857143,212.857142857143,0
30593,1418,1452.42857142857,-0.0119942268451699
30594,212.714285714286,241,-0.0623425692695214
30595,331.714285714286,368.428571428571,-0.0524382779024689
30596,540.428571428571,706.571428571429,-0.133234047428113
30597,65.1428571428571,87.4285714285714,-0.146067415730337
30625,1228.14285714286,1136.57142857143,0.0387240983507521
30628,1310.85714285714,1220.14285714286,0.0358412823841508
30629,2188.28571428571,2099,0.0208256972443437
30631,642.142857142857,534.285714285714,0.0916818457802064
30632,2457.57142857143,2322.57142857143,0.0282418337766355
30633,4185.14285714286,4185.14285714286,0
30891,38,40.1428571428571,-0.0274223034734918
30972,456.285714285714,761.428571428571,-0.250586579070859
31124,95,698.571428571429,-0.760576057605761
31140,109.428571428571,158,-0.181623931623932
31152,90.4285714285714,127.428571428571,-0.16983606557377
31158,1227.85714285714,1413.28571428571,-0.0702077022933795
31174,216.857142857143,421.285714285714,-0.320349227669577
31179,129.857142857143,153.142857142857,-0.0822816759212519
31191,255.142857142857,370.428571428571,-0.184288650376798
31247,295.714285714286,341.857142857143,-0.0723728433788931
31256,39.4285714285714,39.4285714285714,0
31339,709.428571428571,1136,-0.231150332868865
31821,312.857142857143,414.428571428571,-0.139658220388922
31822,498,557.714285714286,-0.0565629228687415
31828,358.428571428571,358.428571428571,0
31874,52.2857142857143,38.8571428571429,0.147335423197492
31973,55.5714285714286,63.7142857142857,-0.0682634730538922
32151,58.2857142857143,65.8571428571429,-0.0609896432681243
32155,116.714285714286,188.285714285714,-0.234660421545667
32486,290.428571428571,335.142857142857,-0.0714775062799726
32489,149.571428571429,140.571428571429,0.0310192023633678
32547,41,69.1428571428571,-0.255512321660182
32550,69.2857142857143,88.4285714285714,-0.121376811594203
32552,580.142857142857,628,-0.0396121556107367
32602,638.142857142857,749.428571428571,-0.0802017914135695
32670,162.285714285714,308.285714285714,-0.310261080752884
32876,41.5714285714286,41.5714285714286,0
33236,70.8571428571429,120.571428571429,-0.259701492537313
33635,60.8571428571429,45.1428571428571,0.148247978436658
33791,618.714285714286,618.714285714286,0
33794,70.5714285714286,103.428571428571,-0.188834154351396
33797,580.285714285714,580.285714285714,0
33813,69.5714285714286,78.1428571428571,-0.058027079303675
34030,15.4285714285714,23.5714285714286,-0.208791208791209
34116,0.142857142857143,2,-0.866666666666667
34278,1107.14285714286,650.571428571429,0.259752925877763
34297,13.8571428571429,11,0.114942528735632
34505,73.4285714285714,73.4285714285714,0
34511,25.7142857142857,55.8571428571429,-0.369527145359019
34520,240.857142857143,378.285714285714,-0.221965851407476
34526,279.142857142857,379,-0.151725634903408
34535,823.428571428571,838,-0.00877042132416164
35037,43.4285714285714,137.285714285714,-0.519367588932806
35078,967.285714285714,967.285714285714,0
35367,171.571428571429,206,-0.0911842603102535
35368,176,225.857142857143,-0.1240668325631
35453,304,326,-0.0349206349206349
35528,101,115.285714285714,-0.0660501981505945
35541,764.428571428571,848.142857142857,-0.0519135364989369
35549,1564.28571428571,1564.28571428571,0
35694,781.571428571429,814.571428571429,-0.0206748411348787
35722,851.285714285714,862,-0.00625364796131074
35731,1008,981.857142857143,0.0131380572905449
35732,590.714285714286,590.714285714286,0
35851,208,229.142857142857,-0.0483660130718954
36345,1180.42857142857,1180.42857142857,0
36356,1700.57142857143,1179.71428571429,0.180835234599742
36361,905.142857142857,693.714285714286,0.132237312365976
36364,954,736,0.128994082840237
36371,2195.28571428571,1958.57142857143,0.0569866217285139
36372,2756.42857142857,1969.57142857143,0.166495375128469
37195,35.1428571428571,32.5714285714286,0.0379746835443039
37306,15288.2857142857,12103.8571428571,0.116253357323529
37307,1393.57142857143,1393.57142857143,0
37308,2111.42857142857,2111.42857142857,0
37309,6449,6449,0
37310,4945.14285714286,4741.42857142857,0.0210305872636639
37311,3157.28571428571,3157.28571428571,0
37312,28244.7142857143,21830.8571428571,0.128083553714529
37313,3433.14285714286,2633.28571428571,0.13184975862475
37315,10335,8381.85714285714,0.104352073760857
37316,9453.57142857143,6948.14285714286,0.152754067519075
37317,454.428571428571,269.428571428571,0.25557529109927
37319,2193.71428571429,1733.28571428571,0.117246898759504
37320,3897.14285714286,2963.28571428571,0.136122274743352
37335,283.285714285714,489.285714285714,-0.26664201183432
37336,66.8571428571429,271,-0.604228329809725
37337,12665.1428571429,7724.42857142857,0.242315749647929
37429,151,167.142857142857,-0.0507409070498428
37437,1008.28571428571,957.285714285714,0.0259466530997892
37448,807.714285714286,685.428571428571,0.0818982013011863
37469,30.7142857142857,34.7142857142857,-0.0611353711790393
37961,1427.14285714286,1427.14285714286,0
38121,261.428571428571,263.142857142857,-0.00326797385620917
38171,1213.42857142857,1213.42857142857,0
38172,3596.57142857143,3230.14285714286,0.0536756858559859
38174,1456.42857142857,1068,0.153867919189633
38175,805.571428571429,568.285714285714,0.172714983882708
38176,4959.85714285714,4849.71428571429,0.011228100834462
38179,1963.42857142857,1874,0.0233042960315687
38180,1100.28571428571,1106.71428571429,-0.00291280989060787
38186,762.428571428571,1245.85714285714,-0.240717029449424
38187,2216,2335.57142857143,-0.0262703618844355
38188,1631.42857142857,1866.28571428571,-0.0671458911942493
38189,633.571428571429,660.714285714286,-0.020971302428256
38190,586.571428571429,860.428571428571,-0.189258564517721
38191,0.571428571428571,0.571428571428571,0
38211,610.571428571429,502.857142857143,0.09674108288427
38212,2039.42857142857,1569.14285714286,0.130324623911322
38427,223.142857142857,174.857142857143,0.121320890165111
38430,1843,1516.85714285714,0.0970704536757515
38431,503.714285714286,476.857142857143,0.0273892773892774
38433,3393.14285714286,3213.42857142857,0.0272023526359037
38434,83.8571428571429,85.8571428571429,-0.0117845117845118
38435,1539.28571428571,1517.28571428571,0.00719760702935128
38441,1961.28571428571,2007.42857142857,-0.0116266513084482
38442,1401,1401,0
38445,1030.57142857143,839.857142857143,0.101962880928741
38446,5025.28571428571,4643.57142857143,0.0394787388079549
38447,575.857142857143,567.142857142857,0.00762404699412579
38541,291.857142857143,423.714285714286,-0.184268317029347
38552,60.1428571428571,60.1428571428571,0
38554,267.571428571429,290.285714285714,-0.0407170294494238
38588,247.428571428571,247.428571428571,0
38665,22.4285714285714,125.571428571429,-0.696911196911197
38674,149.857142857143,322,-0.364819860732667
38933,67,72.2857142857143,-0.037948717948718
38937,995.428571428571,569.142857142857,0.272461650840029
39233,11.2857142857143,18.8571428571429,-0.251184834123223
39316,121.142857142857,131.714285714286,-0.0418079096045198
39342,191.714285714286,256.428571428571,-0.144405482945489
39343,33.5714285714286,34,-0.00634249471458777
39358,13.8571428571429,13.1428571428571,0.0264550264550265
39519,4115,5316.71428571429,-0.127412074762958
39520,6067.14285714286,5741.57142857143,0.0275704382961735
39528,2239.14285714286,2239.14285714286,0
39530,1011.85714285714,955.428571428571,0.0286834652530681
39532,613.285714285714,723.571428571429,-0.0824962598845907
39533,2266.28571428571,2266.28571428571,0
39641,72.5714285714286,55,0.137737961926092
39645,219.428571428571,326.142857142857,-0.195600942655145
39684,78.2857142857143,78.2857142857143,0
39688,50.8571428571429,78.8571428571429,-0.215859030837004
39784,701.285714285714,850.142857142857,-0.0959484346224677
39901,42.2857142857143,64,-0.204301075268817
39956,37.5714285714286,39.4285714285714,-0.0241187384044527
40041,5377.42857142857,3908.14285714286,0.158233203587747
40042,205.285714285714,165.857142857143,0.106235565819861
40043,4776.85714285714,4650.14285714286,0.0134416342117626
40044,974.714285714286,798.285714285714,0.0995085005237289
40045,2514.14285714286,2074,0.0959305040944049
40046,1398.85714285714,1398.85714285714,0
40049,8814.28571428571,6622,0.142021581801692
40050,4733.28571428571,3768,0.113545850207532
40052,5458.42857142857,3592,0.206225435259577
40053,23915,7812.28571428571,0.507535199535326
40054,11645.1428571429,6120.57142857143,0.310968156963654
40055,7953,4116.28571428571,0.317890749837249
40056,2759.42857142857,1668.71428571429,0.246314159434784
40057,4921,4113.14285714286,0.0894226663925742
40058,734.571428571429,734.571428571429,0
40059,2649,2139.28571428571,0.10645026552897
40061,6499.14285714286,4435.14285714286,0.18876404494382
40186,4.14285714285714,11.4285714285714,-0.467889908256881
40188,68.7142857142857,429.714285714286,-0.724276296933219
40259,2.85714285714286,4.57142857142857,-0.230769230769231
40387,317.571428571429,425.857142857143,-0.1456571867794
40474,377.571428571429,377.571428571429,0
40660,645,673.857142857143,-0.0218804159445408
40694,151.714285714286,151.714285714286,0
40722,90.8571428571429,98.7142857142857,-0.041446872645064
40864,1971.71428571429,2239,-0.0634775233248515
41049,5285.42857142857,3433.14285714286,0.212452892020318
41319,33.7142857142857,75.5714285714286,-0.383006535947712
41320,33.4285714285714,44.5714285714286,-0.142857142857143
41323,1135.28571428571,1235.85714285714,-0.0424147487649115
41515,31.7142857142857,31.7142857142857,0
41525,430,396.714285714286,0.0402626576810091
41538,1932.42857142857,1824.57142857143,0.0287083159055477
41631,15.2857142857143,59.7142857142857,-0.592380952380952
42023,142.857142857143,150,-0.024390243902439
42024,970.142857142857,1226.14285714286,-0.116560426694419
42026,979,1001.42857142857,-0.0113251100050494
42028,100.428571428571,100.428571428571,0
42139,79.5714285714286,117.571428571429,-0.192753623188406
42151,33.5714285714286,36.1428571428571,-0.0368852459016394
42419,133.714285714286,144.142857142857,-0.0375321336760925
42427,1091,1107.71428571429,-0.00760184523422782
42484,299.428571428571,285.428571428571,0.0239374694675134
42486,300.285714285714,300.285714285714,0
42682,73.8571428571429,90.2857142857143,-0.100087032201915
42685,189.714285714286,431.285714285714,-0.389003910743041
42695,232.142857142857,487.571428571429,-0.354902739182215
42696,347.857142857143,1270.71428571429,-0.570167696381289
42698,154.571428571429,177,-0.0676432572167169
42702,622.714285714286,622.714285714286,0
42706,811.142857142857,920.857142857143,-0.0633454305509733
42803,34,113.285714285714,-0.53831231813773
43017,211.714285714286,240.714285714286,-0.0640985159456899
43214,155.714285714286,314.142857142857,-0.337184554575859
43233,35.7142857142857,41.7142857142857,-0.0774907749077491
43449,25.2857142857143,21.7142857142857,0.0759878419452887
43484,68.2857142857143,155.428571428571,-0.389527458492976
43485,143.714285714286,110.428571428571,0.1309724564362
43516,644,896.857142857143,-0.164101613202299
43524,8.71428571428571,8.85714285714286,-0.00813008130081308
43537,41.7142857142857,44.2857142857143,-0.0299003322259136
43676,1202.71428571429,1202.71428571429,0
43899,374.142857142857,462.428571428571,-0.105532786885246
44160,2435,2509.57142857143,-0.0150814746330752
44360,46.2857142857143,101.428571428571,-0.373307543520309
44474,194.142857142857,233,-0.0909698996655519
44848,618.142857142857,497.285714285714,0.108350409836066
44849,1358.71428571429,1025.14285714286,0.13992928627075
44850,1133.71428571429,930.142857142857,0.0986363950993286
44851,342.571428571429,296.428571428571,0.0722110440420299
44853,2453.85714285714,2000.42857142857,0.101796023091725
44876,157.142857142857,181.428571428571,-0.0717299578059072
44996,233.285714285714,251.571428571429,-0.037713612256924
45005,46.7142857142857,71.1428571428571,-0.207272727272727
45301,24.4285714285714,30.5714285714286,-0.111688311688312
45399,436.571428571429,417.857142857143,0.0219026918575489
45424,70.5714285714286,70.5714285714286,0
45457,189.285714285714,200.142857142857,-0.0278796771826853
45726,173.285714285714,253.571428571429,-0.188085676037483
45817,88,183.428571428571,-0.351578947368421
45979,322.428571428571,277.571428571429,0.0747619047619048
46231,33.4285714285714,115.857142857143,-0.552153110047847
46320,562.714285714286,969.857142857143,-0.265659955257271
46339,192.285714285714,497.142857142857,-0.44218814753419
46377,297.142857142857,498.142857142857,-0.252739356924735
46440,302.571428571429,244.285714285714,0.106583072100313
46441,724.571428571429,470.142857142857,0.212961855793376
46517,1875.57142857143,1245.14285714286,0.202014190890364
46541,817.571428571429,509.857142857143,0.231812311665949
46543,476,391.428571428571,0.0974967061923583
46792,124.714285714286,168.571428571429,-0.149537262542621
46868,47.7142857142857,62.4285714285714,-0.133592736705577
46964,195.857142857143,260,-0.140708241930429
46986,32.8571428571429,32.8571428571429,0
47093,420.285714285714,457.571428571429,-0.042473555736371
47117,109.142857142857,95.8571428571429,0.0648083623693379
47167,13.7142857142857,37.4285714285714,-0.463687150837989
47366,372.142857142857,1131.71428571429,-0.505082169658972
47367,44.2857142857143,49.8571428571429,-0.0591805766312595
47369,317.285714285714,451.428571428571,-0.174502880505482
47371,13.1428571428571,31.7142857142857,-0.414012738853503
47391,66.7142857142857,60.1428571428571,0.0518018018018017
47495,540.428571428571,610,-0.060474357382342
47520,487.428571428571,531,-0.0427829990180951
47546,225.857142857143,225.857142857143,0
47581,63.8571428571429,63.8571428571429,0
47653,62,104.285714285714,-0.254295532646048
47798,306.142857142857,448.142857142857,-0.188257575757576
47913,17.2857142857143,17.2857142857143,0
48018,83.4285714285714,116.142857142857,-0.163922691481747
48100,30.5714285714286,54.2857142857143,-0.279461279461279
48162,40.7142857142857,63.1428571428571,-0.21595598349381
48355,1279.71428571429,1243.85714285714,0.0142088876309086
48356,98,129.142857142857,-0.137106918238994
48410,468.285714285714,536.571428571429,-0.0679556440147853
48415,789,2468,-0.515505066011667
48656,145.571428571429,171.571428571429,-0.081981981981982
48783,243.428571428571,539.285714285714,-0.377988684066435
48793,827,782.428571428571,0.0276939463873602
48834,18.2857142857143,110.857142857143,-0.716814159292036
48835,1440.57142857143,1457.71428571429,-0.0059148264984227
48836,260.571428571429,294,-0.0602782071097373
49079,738.142857142857,553.285714285714,0.143141592920354
49094,79.1428571428571,95.1428571428571,-0.0918032786885246
49096,703.714285714286,821.571428571429,-0.0772688957572352
49123,96,173.714285714286,-0.288135593220339
49214,166.285714285714,210.857142857143,-0.118181818181818
49361,216.285714285714,349.571428571429,-0.23554657914668
49382,12.4285714285714,12.4285714285714,0
50030,12.1428571428571,36.2857142857143,-0.498525073746313
50206,50,67.1428571428571,-0.146341463414634
50216,361,381.714285714286,-0.027889978842085
50838,262.714285714286,135.285714285714,0.320172290021536
50840,44.4285714285714,113.428571428571,-0.43710407239819
50842,1420.71428571429,1420.71428571429,0
50845,131.428571428571,131.428571428571,0
50870,365,462.571428571429,-0.11790091489729
51025,110.428571428571,123.714285714286,-0.0567419158023185
51062,1535.71428571429,1576.14285714286,-0.012991782582748
51085,4384.28571428571,4384.28571428571,0
51114,222.428571428571,624.571428571429,-0.474784955304436
51124,797.857142857143,1242,-0.217732334197073
51173,264.571428571429,305.714285714286,-0.0721442885771544
51205,2.57142857142857,2,0.125
51206,5.57142857142857,8.71428571428571,-0.22
51654,65.5714285714286,37.4285714285714,0.273231622746186
51927,198.571428571429,398.857142857143,-0.335246293639407
51928,334,365.428571428571,-0.0449346405228758
51950,139.571428571429,115.428571428571,0.0946778711484594
51951,620.571428571429,641.857142857143,-0.0168609256535024
51960,683.142857142857,458.714285714286,0.19654697860628
51962,303.428571428571,424.857142857143,-0.166732051785014
51966,183.857142857143,197.571428571429,-0.0359550561797753
52040,246,288.857142857143,-0.0801282051282051
52041,111.857142857143,145.571428571429,-0.130965593784684
52386,19,26.5714285714286,-0.166144200626959
52498,12.7142857142857,31.4285714285714,-0.423948220064725
52501,36.8571428571429,41.2857142857143,-0.056672760511883
52618,11.4285714285714,17.2857142857143,-0.203980099502488
52712,1769.57142857143,1647,0.0358755644756649
52819,583.857142857143,871.857142857143,-0.19784102060844
53097,112.857142857143,175.571428571429,-0.217434373452204
53151,8.57142857142857,8.57142857142857,0
53191,18.1428571428571,31,-0.261627906976744
53313,86.5714285714286,105.714285714286,-0.0995542347696879
53398,80.2857142857143,232.571428571429,-0.48675799086758
53550,115.714285714286,279.285714285714,-0.414104882459313
53755,205.571428571429,222,-0.0384229869695957
53776,1527.71428571429,994,0.211647405393157
54448,101.571428571429,158.285714285714,-0.218251786695987
54842,10.5714285714286,31.7142857142857,-0.5
54846,162.857142857143,332.428571428571,-0.342370925872512
54883,250.714285714286,250.714285714286,0
54917,23.5714285714286,21.1428571428571,0.0543130990415336
54918,2086.28571428571,2157.71428571429,-0.0168304833714825
54919,2975.14285714286,2975.14285714286,0
54920,500.428571428571,568.714285714286,-0.0638695884553714
54921,4044,4046.42857142857,-0.000300178341249817
54922,1598.85714285714,1598.85714285714,0
54923,5048,5048,0
54924,5682,5682,0
54925,2950.28571428571,3161.71428571429,-0.0345923709798056
54933,49.4285714285714,107.428571428571,-0.36976320582878
54944,1644.85714285714,1553.14285714286,0.028678638434736
54945,5019.71428571429,2504,0.334371321155964
54946,5898.71428571429,2534.85714285714,0.398865080037266
54947,4544,2686.28571428571,0.256935114202166
54948,551,353.285714285714,0.218641390205371
54949,867.571428571429,473.428571428571,0.293917119420475
54958,63.7142857142857,42,0.205405405405405
54961,46.5714285714286,57,-0.100689655172414
54966,18.2857142857143,16.1428571428571,0.0622406639004149
55033,44.7142857142857,69.2857142857143,-0.215538847117795
55045,285.714285714286,221.142857142857,0.12739571589628
55047,97.8571428571429,97.8571428571429,0
55610,51.5714285714286,77,-0.197777777777778
55623,754.857142857143,754.857142857143,0
55805,101.285714285714,101.285714285714,0
55832,142.857142857143,294.714285714286,-0.347045380346066
55837,16,31.4285714285714,-0.325301204819277
55868,119,119,0
55915,524.857142857143,528.571428571429,-0.00352590181719551
55918,121.571428571429,303.142857142857,-0.427514295324588
55919,,6.57142857142857,
56218,360.285714285714,541.571428571429,-0.201013781086647
56223,268,357.571428571429,-0.143183375199817
56450,15.4285714285714,52.7142857142857,-0.547169811320755
56462,1404.85714285714,1678.14285714286,-0.0886427876372735
56977,0.571428571428571,10.2857142857143,-0.894736842105263
57046,235,443.571428571429,-0.307368421052632
57099,23.7142857142857,23,0.0152905198776759
57147,714,436.714285714286,0.24096834264432
57635,24.8571428571429,27.4285714285714,-0.0491803278688524
58433,128.571428571429,128.571428571429,0
58436,125.285714285714,133.571428571429,-0.0320088300220751
58446,20.7142857142857,38.8571428571429,-0.304556354916067
58455,7.42857142857143,10.2857142857143,-0.161290322580645
58459,69.4285714285714,69.4285714285714,0
58461,26.8571428571429,27.1428571428571,-0.00529100529100527
58463,316.142857142857,332,-0.024465505840864
58464,98.8571428571429,117.285714285714,-0.085261070720423
58468,26.5714285714286,59.5714285714286,-0.383084577114428
58712,22.8571428571429,84.7142857142857,-0.575033200531208
58746,20.4285714285714,26.2857142857143,-0.125382262996942
58836,26.2857142857143,139.857142857143,-0.683576956147893
58992,133.571428571429,146.142857142857,-0.044943820224719
59657,3.14285714285714,3.14285714285714,0
60688,330.428571428571,330.428571428571,0
60697,196.142857142857,196.142857142857,0
60698,228.857142857143,149.428571428571,0.209969788519638
60699,18.2857142857143,18.2857142857143,0
60702,37.2857142857143,62,-0.248920863309353
60704,597.571428571429,643,-0.0366190695532013
60795,86.7142857142857,165.857142857143,-0.313348416289593
60797,334.857142857143,498.857142857143,-0.196710075394106
60807,96.1428571428571,82.5714285714286,0.0759392486011191
60941,34.7142857142857,85.4285714285714,-0.422116527942925
61186,90.2857142857143,90.2857142857143,0
61213,1436.71428571429,2729.28571428571,-0.31026678554283
61215,2595,2753.28571428571,-0.0295955980554517
61462,34.8571428571429,52.5714285714286,-0.202614379084967
61581,1374.14285714286,1374.14285714286,0
61829,240,308.285714285714,-0.124544033350703
61858,1096,795.428571428571,0.158912386706949
61860,1737.42857142857,1379.42857142857,0.114859290494087
61861,2766.14285714286,2283.57142857143,0.0955641054656558
61866,776.142857142857,812.285714285714,-0.0227538447702132
61885,4405.57142857143,2581.85714285714,0.260999345763821
61886,91.8571428571429,91.8571428571429,0
62051,394.428571428571,394.428571428571,0
62053,53.8571428571429,53.4285714285714,0.00399467376830887
62056,54.2857142857143,45.8571428571429,0.0841654778887304
62060,791.142857142857,922.857142857143,-0.076846141023504
62076,119.857142857143,609.285714285714,-0.671238244514107
62237,331,419,-0.117333333333333
62245,190.142857142857,162.142857142857,0.0794809407948094
62290,26.2857142857143,46.7142857142857,-0.279843444227006
62424,16.2857142857143,85.4285714285714,-0.679775280898876
62669,63,102.571428571429,-0.23899913718723
62757,103.571428571429,121.428571428571,-0.0793650793650794
63218,5.42857142857143,5.42857142857143,0
63620,138.857142857143,116.142857142857,0.0890756302521009
63647,15,34.2857142857143,-0.391304347826087
63829,50,128.285714285714,-0.439102564102564
63831,24.5714285714286,44,-0.283333333333333
63851,466.714285714286,683.285714285714,-0.18832298136646
63853,296.142857142857,438.857142857143,-0.194169096209912
63856,72.8571428571429,75.2857142857143,-0.0163934426229508
63933,187,226.285714285714,-0.0950570342205323
64000,84.2857142857143,56.1428571428571,0.200406917599186
64152,74.7142857142857,154.142857142857,-0.347066167290886
64264,102.857142857143,112.857142857143,-0.0463576158940397
64276,13.2857142857143,12.1428571428571,0.0449438202247191
64292,299.142857142857,392.142857142857,-0.134531928084315
64329,3.57142857142857,2.85714285714286,0.111111111111111
64356,32.1428571428571,46.4285714285714,-0.181818181818182
64473,418.857142857143,479,-0.0669848846459825
65015,196.571428571429,374.285714285714,-0.311311311311311
65288,16.2857142857143,16.8571428571429,-0.0172413793103449
65355,82.2857142857143,681.428571428571,-0.784511784511784
65508,38.7142857142857,49.7142857142857,-0.124394184168013
65539,169.142857142857,348.857142857143,-0.346938775510204
65561,61.2857142857143,360.857142857143,-0.709644670050761
65601,96,133.714285714286,-0.164179104477612
66154,1994.85714285714,3454.85714285714,-0.26790395302506
66361,7.28571428571429,60.2857142857143,-0.784355179704017
66383,621,632.857142857143,-0.00945653412327677
66389,292.571428571429,384.285714285714,-0.135500211059519
67061,92.5714285714286,114.714285714286,-0.106822880771881
67066,143.571428571429,144.714285714286,-0.0039643211100099
67069,167.285714285714,195.142857142857,-0.0768624359479701
67132,110.428571428571,198.571428571429,-0.285251964863615
67449,277.571428571429,303.714285714286,-0.0449741951339396
67695,72.8571428571429,72.8571428571429,0
67719,1162.28571428571,2023.57142857143,-0.270346621227748
67775,100.714285714286,129.857142857143,-0.12639405204461
67905,31.4285714285714,144.428571428571,-0.642567018683997
68333,277.714285714286,1038.85714285714,-0.578125
68824,53.8571428571429,256.714285714286,-0.653173873045078
68864,637.571428571429,969.714285714286,-0.206648297929073
68950,125.428571428571,162.285714285714,-0.128103277060576
68974,72,202.571428571429,-0.475546305931322
68976,220.428571428571,580.714285714286,-0.449714693295292
68984,196.857142857143,221.571428571429,-0.0590645271423694
69110,11.8571428571429,15.4285714285714,-0.130890052356021
69131,1220,1313.57142857143,-0.0369326191147449
69143,19.1428571428571,55.5714285714286,-0.487571701720841
69150,146.714285714286,191.857142857143,-0.133333333333333
69546,47.7142857142857,96.2857142857143,-0.337301587301587
69763,426.714285714286,659.285714285714,-0.214154169955275
69772,95.5714285714286,95.5714285714286,0
69781,329.857142857143,559.857142857143,-0.258509955041747
69798,18.2857142857143,26.4285714285714,-0.182108626198083
69923,36.5714285714286,1372,-0.948073022312373
70220,115.285714285714,139.285714285714,-0.0942760942760942
70550,764.428571428571,799.285714285714,-0.0222912479444546
70554,188.428571428571,335.857142857143,-0.281198910081744
70771,1067.28571428571,1067.28571428571,0
71061,464.714285714286,787.857142857143,-0.257983576642336
71249,1384,1384,0
71557,3.71428571428571,91.2857142857143,-0.921804511278196
72583,81.4285714285714,583.714285714286,-0.755154639175258
72643,1,7.57142857142857,-0.766666666666667
72694,105.714285714286,233.571428571429,-0.376842105263158
72729,10.2857142857143,16.1428571428571,-0.221621621621622
74113,161.857142857143,277.857142857143,-0.263807667316439
74470,274.714285714286,1614.57142857143,-0.709187145557656
74484,29.5714285714286,28.7142857142857,0.0147058823529412
74505,425,805.857142857143,-0.309424326833798
75629,73.1428571428571,72.7142857142857,0.00293829578844272
75756,277.714285714286,332.714285714286,-0.0901006318745612
76871,128.285714285714,162,-0.116141732283465
76949,332.285714285714,710.428571428571,-0.362652418139471
77119,62.2857142857143,73.1428571428571,-0.080168776371308
77240,26.1428571428571,32.4285714285714,-0.107317073170732
78908,1437.57142857143,1838.57142857143,-0.122400034884228
80627,501,707.857142857143,-0.171117939021508
81416,57,82.1428571428571,-0.180698151950719
82132,38,45,-0.0843373493975904
82571,649.428571428571,769,-0.0842985194883674
82967,52.1428571428571,99.4285714285714,-0.311969839773798
83063,369.142857142857,646.428571428571,-0.273034182022788
101047,414.714285714286,414.714285714286,0
102635,9.28571428571429,79,-0.789644012944984
103287,60.1428571428571,81,-0.147773279352227
103354,210,227.428571428571,-0.0398432397126061
103629,82.7142857142857,82.7142857142857,0
104032,361.142857142857,361.142857142857,0
104516,1041.57142857143,798.285714285714,0.132230763258017
104735,117.285714285714,178.571428571429,-0.207146306132303
104750,27.4285714285714,114.142857142857,-0.612512613521695
104759,65.7142857142857,148.571428571429,-0.386666666666667
105080,192.571428571429,155.571428571429,0.106278210915059
108234,2032.57142857143,2312.57142857143,-0.0644397685428721
108732,26.8571428571429,53.1428571428571,-0.328571428571429
111717,1145,1198.57142857143,-0.0228588844864371
114071,132.285714285714,215.428571428571,-0.23911257189811
114079,1282.42857142857,1282.42857142857,0
114084,178.285714285714,769.142857142857,-0.623642943305187
117897,32.4285714285714,35.4285714285714,-0.0442105263157895
121753,101,117.714285714286,-0.0764206401045068
124099,285.285714285714,190.571428571429,0.19903932752927
125859,83.8571428571429,83.8571428571429,0
126350,75.8571428571429,87.2857142857143,-0.0700525394045534
126399,26.4285714285714,39.2857142857143,-0.195652173913044
127629,625.428571428571,430.571428571429,0.18452380952381
127706,169.428571428571,340.714285714286,-0.335760291234948
128285,96.1428571428571,61.8571428571429,0.216998191681736
130847,331.571428571429,1034.28571428571,-0.514485932433846
131214,7.57142857142857,9.71428571428571,-0.12396694214876
131227,32.1428571428571,46.5714285714286,-0.183303085299455
131250,1053,756.142857142857,0.164087176247631
131674,1196,1196,0
132008,384.285714285714,384.285714285714,0
133489,2642.14285714286,2013.28571428571,0.135080397692402
133499,10.8571428571429,12.8571428571429,-0.0843373493975904
133502,179,241.714285714286,-0.149066213921902
134128,116.571428571429,226.428571428571,-0.320283215326947
134794,451.714285714286,500.714285714286,-0.0514474276286186
135095,14.5714285714286,30,-0.346153846153846
136051,240.714285714286,301,-0.111286919831224
136052,1252,1187.14285714286,0.0265901370504861
137259,192.428571428571,567.285714285714,-0.493418578412937
137287,32.1428571428571,820,-0.924559932942163
137307,43.7142857142857,343,-0.773919468045807
137309,141.285714285714,159.571428571429,-0.0607787274453942
137695,812.142857142857,695.428571428571,0.0774187434852648
138018,115.857142857143,326.857142857143,-0.476605356566634
138030,203,149.857142857143,0.150607287449393
138151,536.142857142857,536.142857142857,0
138206,48.5714285714286,173.285714285714,-0.562137797810689
138910,2680.14285714286,2190,0.100642398286938
139076,23.8571428571429,31.7142857142857,-0.141388174807198
139231,166.857142857143,229.285714285714,-0.157591056617382
139549,655.571428571429,712,-0.0412618823775201
139621,254,714.714285714286,-0.475593570269872
141196,153.571428571429,153.571428571429,0
141333,398.714285714286,588.571428571429,-0.192302127043843
150280,236,248.714285714286,-0.0262304745063366
150313,221.857142857143,236.285714285714,-0.0314936077330839
151867,77,566.285714285714,-0.760604041749944
152398,0.428571428571429,0.428571428571429,0
152577,223,597.571428571429,-0.456476323119777
153201,24.7142857142857,29.8571428571429,-0.0942408376963351
153474,507,1224.28571428571,-0.414308111230299
153481,127.142857142857,133.857142857143,-0.0257252326217844
153533,525.428571428571,1393.14285714286,-0.452271034996277
153848,457.857142857143,526.142857142857,-0.0693960511033682
154282,11,85.4285714285714,-0.771851851851852
154604,503.142857142857,538.142857142857,-0.0336122924955412
154906,363.285714285714,311.571428571429,0.0766299745977985
155001,1.71428571428571,2.71428571428571,-0.225806451612903
155987,26.2857142857143,35,-0.142191142191142
156192,169.428571428571,177,-0.0218556701030928
156218,213.571428571429,226,-0.0282742931426714
156476,210.142857142857,1065.85714285714,-0.670622480967309
156477,44.4285714285714,760.571428571429,-0.889618456078083
157531,1634.85714285714,1634.85714285714,0
157555,3381.71428571429,4756.71428571429,-0.168951535045376
157619,3.14285714285714,3.14285714285714,0
158043,467.142857142857,1794.71428571429,-0.586938672393103
159575,,4.85714285714286,
160106,90,139.714285714286,-0.216417910447761
160177,830.428571428571,847.857142857143,-0.0103847463398025
160182,573.857142857143,888,-0.214892993257109
160572,27.7142857142857,56.1428571428571,-0.339011925042589
161769,399.142857142857,568.428571428571,-0.17495939760815
161771,3.28571428571429,30.7142857142857,-0.80672268907563
162189,81,104.714285714286,-0.127692307692308
162992,1595.28571428571,1905.57142857143,-0.088631355586387
163221,536,640.857142857143,-0.0890992959456179
163458,433,433,0
163924,1.71428571428571,1.14285714285714,0.2
164708,153.571428571429,139.142857142857,0.0492923377257199
165219,,0.714285714285714,
166105,24.4285714285714,59,-0.414383561643836
166904,318.142857142857,327,-0.0137289636846767
167292,210,250.142857142857,-0.0872399875814964
167917,52.2857142857143,64,-0.100737100737101
167959,265.857142857143,322.142857142857,-0.0957240038872693
168056,277.142857142857,337.285714285714,-0.097884212973727
170117,75,86.4285714285714,-0.0707964601769911
170841,164.142857142857,303.285714285714,-0.297677261613692
170860,347.142857142857,564.428571428571,-0.23836389280677
170861,12.1428571428571,18,-0.194312796208531
171326,26.4285714285714,49.1428571428571,-0.300567107750473
171357,189.857142857143,543.142857142857,-0.48197232508283
172217,739.571428571429,974.571428571429,-0.137094757896491
172673,37.2857142857143,55.8571428571429,-0.199386503067485
174321,1498.42857142857,1077.14285714286,0.163569804204337
174682,18,201.857142857143,-0.83625730994152
174683,66.7142857142857,105.571428571429,-0.225538971807629
175160,5.71428571428571,513,-0.977967502065547
177520,344.142857142857,267.285714285714,0.125700934579439
177525,186,977.428571428571,-0.680255402750491
177903,322.285714285714,410.714285714286,-0.120639251607874
178606,227.142857142857,227.142857142857,0
178705,34,97.8571428571429,-0.484290357529794
178737,411.142857142857,423.285714285714,-0.0145523026878959
179446,692.142857142857,1203.42857142857,-0.26972643002487
180479,1704.71428571429,2918.14285714286,-0.262484548825711
180929,5.28571428571429,8.14285714285714,-0.212765957446809
181202,1.28571428571429,37.5714285714286,-0.933823529411765
189020,51,159.428571428571,-0.515274949083503
189112,16.1428571428571,65.5714285714286,-0.604895104895105
189880,614.142857142857,614.142857142857,0
189941,4062.28571428571,3955.85714285714,0.0132734690968696
190047,33.1428571428571,31.1428571428571,0.0311111111111112
190119,201.142857142857,325.428571428571,-0.236028214867065
191056,77,111.285714285714,-0.182094081942337
192842,92.1428571428571,92.1428571428571,0
193353,124,138.857142857143,-0.0565217391304348
194841,27.7142857142857,260,-0.807348560079444
196513,,24,
198600,41.1428571428571,107.571428571429,-0.446685878962536
198732,47.1428571428571,43.2857142857143,0.042654028436019
199594,313.857142857143,499.857142857143,-0.228581460674157
199807,570.571428571429,570.571428571429,0
200077,18.8571428571429,15.7142857142857,0.090909090909091
201329,1012.42857142857,1620.57142857143,-0.230969562150724
202146,206.142857142857,724.714285714286,-0.557090239410681
203742,239,239,0
204449,156.142857142857,212.142857142857,-0.152055857253685
204486,525.714285714286,1325.85714285714,-0.432142581590927
204488,9.85714285714286,32.1428571428571,-0.530612244897959
205236,10062.1428571429,10062.1428571429,0
205812,1142.71428571429,1142.71428571429,0
205999,146,163.571428571429,-0.0567604983848639
207208,59,295.571428571429,-0.667203867848509
207587,88.1428571428571,100.285714285714,-0.064442759666414
208077,146.571428571429,213.857142857143,-0.186682520808561
208329,275.714285714286,379.142857142857,-0.157940663176265
209175,,33.5714285714286,
209911,419,359,0.077120822622108
210192,102.428571428571,115.714285714286,-0.0609037328094302
210237,1422.14285714286,1515.57142857143,-0.031803151137911
210995,95.1428571428571,135.857142857143,-0.176252319109462
211008,4.57142857142857,173.428571428571,-0.948635634028892
211063,1807.57142857143,1854.28571428571,-0.0127569929387898
211064,975.285714285714,767.714285714286,0.11908859929514
211097,164.142857142857,199.285714285714,-0.0966981132075471
211523,173.428571428571,173.428571428571,0
212383,78.2857142857143,78.1428571428571,0.000913242009132485
212384,203.285714285714,251.714285714286,-0.106436420722135
212397,103.142857142857,127.857142857143,-0.106988249845393
212717,639.428571428571,1337.14285714286,-0.352992194275802
212718,115.571428571429,109.428571428571,0.0273015873015873
212743,482.142857142857,570.285714285714,-0.0837518664313832
212961,42.1428571428571,28.4285714285714,0.194331983805668
213241,245.428571428571,441.428571428571,-0.285357737104825
213703,141,142.571428571429,-0.00554156171284639
213720,9.14285714285714,13.7142857142857,-0.2
214237,257.857142857143,276.285714285714,-0.0345012035303557
214474,142.428571428571,160.285714285714,-0.0589900896649363
214492,11.7142857142857,24.5714285714286,-0.354330708661417
214926,684.142857142857,619.857142857143,0.0492988606485538
214927,644.285714285714,604.714285714286,0.0316824888482215
214928,1866.28571428571,1886.42857142857,-0.00536754349232935
214929,2459.14285714286,2282.14285714286,0.0373316460272982
215501,646.428571428571,807.285714285714,-0.11065251572327
215695,322.285714285714,322.285714285714,0
215723,197.857142857143,271.285714285714,-0.156516443361754
216529,120,124.428571428571,-0.0181180596142607
217112,38.7142857142857,41.2857142857143,-0.0321428571428571
218093,5.42857142857143,29.7142857142857,-0.691056910569106
218305,585.571428571429,464.285714285714,0.115525921894135
218796,787.142857142857,1195.28571428571,-0.205880233479859
218871,27.4285714285714,78,-0.479674796747967
219251,2055.71428571429,2239.57142857143,-0.0428044034988525
219570,45.5714285714286,86.4285714285714,-0.30952380952381
220121,394.285714285714,381.142857142857,0.0169491525423728
220122,683,478.571428571429,0.175993112778256
220123,2467,1871.14285714286,0.137353047716271
220125,514.285714285714,516,-0.00166389351081526
220126,593.285714285714,546.428571428571,0.0411130609175232
220128,962.428571428571,962.428571428571,0
221511,31.1428571428571,31.1428571428571,0
221514,529.428571428571,989.857142857143,-0.303055947343677
222350,5.57142857142857,6.42857142857143,-0.0714285714285715
223369,1217,1263.85714285714,-0.0188874812852701
224280,49.1428571428571,145.857142857143,-0.495970695970696
224623,575.714285714286,575.714285714286,0
